ID,Category,Date,Passenger Count,Average Travel Time (min),Label
ID_1,Type D,2018-01-01,786,381.88,Neutral
ID_2,Type C,2018-01-02,136,356.26,Negative
ID_3,Type C,2018-01-03,571,446.18,Positive
ID_4,Type D,2018-01-04,167,298.15,Positive
ID_5,Type B,2018-01-05,835,213.52,Positive
ID_6,Type D,2018-01-06,101,314.44,Neutral
ID_7,Type A,2018-01-07,789,322.3,Negative
ID_8,Type A,2018-01-08,781,272.78,Neutral
ID_9,Type D,2018-01-09,940,79.45,Negative
ID_10,Type C,2018-01-10,994,386.95,Negative
ID_11,Type D,2018-01-11,261,433.44,Positive
ID_12,Type B,2018-01-12,910,309.49,Negative
ID_13,Type B,2018-01-13,492,275.02,Negative
ID_14,Type D,2018-01-14,690,326.33,Negative
ID_15,Type B,2018-01-15,63,242.97,Neutral
ID_16,Type B,2018-01-16,26,240.07,Negative
ID_17,Type B,2018-01-17,650,131.75,Negative
ID_18,Type C,2018-01-18,990,118.85,Negative
ID_19,Type C,2018-01-19,474,432.3,Positive
ID_20,Type D,2018-01-20,548,241.97,Negative
ID_21,Type B,2018-01-21,532,430.38,Neutral
ID_22,Type D,2018-01-22,553,92.09,Neutral
ID_23,Type D,2018-01-23,238,119.64,Neutral
ID_24,Type B,2018-01-24,463,174.94,Neutral
ID_25,Type D,2018-01-25,285,164.04,Negative
ID_26,Type A,2018-01-26,416,341.72,Negative
ID_27,Type D,2018-01-27,50,462.29,Positive
ID_28,Type B,2018-01-28,952,397.09,Neutral
ID_29,Type C,2018-01-29,95,363.32,Positive
ID_30,Type D,2018-01-30,966,297.67,Negative
ID_31,Type D,2018-01-31,324,120.77,Negative
ID_32,Type A,2018-02-01,253,129.53,Neutral
ID_33,Type B,2018-02-02,249,271.27,Negative
ID_34,Type A,2018-02-03,271,136.91,Neutral
ID_35,Type D,2018-02-04,717,152.46,Positive
ID_36,Type A,2018-02-05,601,189.65,Negative
ID_37,Type A,2018-02-06,726,64.75,Neutral
ID_38,Type C,2018-02-07,296,436.17,Positive
ID_39,Type D,2018-02-08,469,466.18,Positive
ID_40,Type D,2018-02-09,357,462.74,Positive
ID_41,Type C,2018-02-10,220,412.88,Positive
ID_42,Type B,2018-02-11,887,126.96,Neutral
ID_43,Type A,2018-02-12,61,82.47,Positive
ID_44,Type A,2018-02-13,920,464.83,Neutral
ID_45,Type C,2018-02-14,244,209.11,Positive
ID_46,Type A,2018-02-15,846,484.56,Negative
ID_47,Type C,2018-02-16,871,17.34,Positive
ID_48,Type D,2018-02-17,677,217.22,Positive
ID_49,Type A,2018-02-18,156,203.78,Negative
ID_50,Type D,2018-02-19,147,175.54,Positive
ID_51,Type A,2018-02-20,969,147.19,Negative
ID_52,Type C,2018-02-21,97,59.71,Negative
ID_53,Type D,2018-02-22,33,243.84,Positive
ID_54,Type C,2018-02-23,422,478.39,Negative
ID_55,Type B,2018-02-24,492,27.64,Negative
ID_56,Type A,2018-02-25,800,47.45,Positive
ID_57,Type B,2018-02-26,56,330.24,Positive
ID_58,Type C,2018-02-27,291,202.16,Negative
ID_59,Type D,2018-02-28,719,151.92,Negative
ID_60,Type A,2018-03-01,63,74.62,Positive
ID_61,Type A,2018-03-02,807,228.05,Neutral
ID_62,Type D,2018-03-03,773,336.82,Negative
ID_63,Type D,2018-03-04,799,496.52,Positive
ID_64,Type C,2018-03-05,855,321.52,Neutral
ID_65,Type B,2018-03-06,63,490.9,Negative
ID_66,Type B,2018-03-07,131,93.29,Negative
ID_67,Type A,2018-03-08,34,401.8,Neutral
ID_68,Type D,2018-03-09,302,177.75,Neutral
ID_69,Type C,2018-03-10,434,44.4,Negative
ID_70,Type C,2018-03-11,936,392.5,Positive
ID_71,Type D,2018-03-12,668,309.67,Negative
ID_72,Type A,2018-03-13,127,359.5,Positive
ID_73,Type D,2018-03-14,345,431.24,Negative
ID_74,Type C,2018-03-15,382,332.45,Negative
ID_75,Type B,2018-03-16,902,225.34,Positive
ID_76,Type A,2018-03-17,394,189.98,Negative
ID_77,Type D,2018-03-18,58,439.67,Negative
ID_78,Type D,2018-03-19,24,332.39,Neutral
ID_79,Type C,2018-03-20,211,242.29,Negative
ID_80,Type D,2018-03-21,675,341.01,Negative
ID_81,Type B,2018-03-22,554,345.16,Positive
ID_82,Type D,2018-03-23,70,423.84,Neutral
ID_83,Type C,2018-03-24,593,432.85,Neutral
ID_84,Type C,2018-03-25,221,288.34,Positive
ID_85,Type C,2018-03-26,452,68.74,Positive
ID_86,Type C,2018-03-27,385,234.55,Positive
ID_87,Type B,2018-03-28,210,411.09,Negative
ID_88,Type C,2018-03-29,812,259.48,Negative
ID_89,Type D,2018-03-30,397,396.4,Negative
ID_90,Type A,2018-03-31,509,41.11,Negative
ID_91,Type B,2018-04-01,626,109.78,Neutral
ID_92,Type C,2018-04-02,393,18.58,Negative
ID_93,Type D,2018-04-03,781,82.09,Positive
ID_94,Type A,2018-04-04,932,296.87,Positive
ID_95,Type A,2018-04-05,474,352.49,Negative
ID_96,Type A,2018-04-06,631,122.51,Positive
ID_97,Type D,2018-04-07,236,17.29,Negative
ID_98,Type D,2018-04-08,656,43.87,Negative
ID_99,Type D,2018-04-09,228,394.03,Neutral
ID_100,Type A,2018-04-10,346,405.83,Negative
ID_101,Type C,2018-04-11,51,193.11,Negative
ID_102,Type B,2018-04-12,103,16.5,Negative
ID_103,Type B,2018-04-13,665,439.51,Neutral
ID_104,Type A,2018-04-14,725,332.96,Neutral
ID_105,Type A,2018-04-15,165,69.07,Neutral
ID_106,Type A,2018-04-16,434,353.69,Neutral
ID_107,Type D,2018-04-17,317,129.67,Neutral
ID_108,Type D,2018-04-18,594,210.92,Negative
ID_109,Type D,2018-04-19,309,49.23,Positive
ID_110,Type B,2018-04-20,759,419.44,Negative
ID_111,Type A,2018-04-21,232,475.26,Negative
ID_112,Type C,2018-04-22,291,169.74,Neutral
ID_113,Type C,2018-04-23,17,277.55,Positive
ID_114,Type A,2018-04-24,359,427.59,Negative
ID_115,Type C,2018-04-25,717,303.55,Neutral
ID_116,Type C,2018-04-26,81,39.53,Positive
ID_117,Type D,2018-04-27,782,456.22,Negative
ID_118,Type B,2018-04-28,189,162.7,Neutral
ID_119,Type D,2018-04-29,991,314.96,Positive
ID_120,Type B,2018-04-30,440,201.21,Positive
ID_121,Type C,2018-05-01,48,356.5,Neutral
ID_122,Type C,2018-05-02,639,18.92,Negative
ID_123,Type D,2018-05-03,892,298.21,Positive
ID_124,Type C,2018-05-04,237,67.31,Negative
ID_125,Type D,2018-05-05,55,137.2,Positive
ID_126,Type B,2018-05-06,782,199.66,Positive
ID_127,Type B,2018-05-07,591,91.43,Positive
ID_128,Type B,2018-05-08,932,286.17,Negative
ID_129,Type A,2018-05-09,252,206.62,Positive
ID_130,Type A,2018-05-10,53,168.86,Negative
ID_131,Type D,2018-05-11,605,398.43,Positive
ID_132,Type C,2018-05-12,84,349.69,Positive
ID_133,Type D,2018-05-13,967,312.85,Neutral
ID_134,Type C,2018-05-14,112,93.66,Positive
ID_135,Type D,2018-05-15,267,490.31,Positive
ID_136,Type A,2018-05-16,369,17.92,Neutral
ID_137,Type A,2018-05-17,883,424.88,Neutral
ID_138,Type B,2018-05-18,812,411.91,Neutral
ID_139,Type A,2018-05-19,326,393.52,Negative
ID_140,Type D,2018-05-20,715,438.25,Positive
ID_141,Type C,2018-05-21,529,209.74,Positive
ID_142,Type D,2018-05-22,154,208.99,Positive
ID_143,Type D,2018-05-23,62,478.86,Positive
ID_144,Type C,2018-05-24,932,484.99,Negative
ID_145,Type B,2018-05-25,944,330.69,Positive
ID_146,Type D,2018-05-26,794,164.1,Positive
ID_147,Type C,2018-05-27,218,201.06,Positive
ID_148,Type A,2018-05-28,452,23.04,Negative
ID_149,Type B,2018-05-29,521,423.73,Positive
ID_150,Type C,2018-05-30,308,265.48,Negative
ID_151,Type A,2018-05-31,106,324.48,Neutral
ID_152,Type B,2018-06-01,908,61.59,Negative
ID_153,Type D,2018-06-02,470,343.34,Neutral
ID_154,Type B,2018-06-03,170,455.5,Negative
ID_155,Type D,2018-06-04,827,133.18,Negative
ID_156,Type C,2018-06-05,749,46.08,Neutral
ID_157,Type C,2018-06-06,456,397.62,Positive
ID_158,Type D,2018-06-07,265,108.14,Neutral
ID_159,Type B,2018-06-08,636,16.49,Neutral
ID_160,Type B,2018-06-09,974,153.1,Negative
ID_161,Type A,2018-06-10,591,429.97,Negative
ID_162,Type C,2018-06-11,346,174.12,Neutral
ID_163,Type A,2018-06-12,356,446.49,Neutral
ID_164,Type A,2018-06-13,198,306.1,Negative
ID_165,Type C,2018-06-14,759,29.47,Negative
ID_166,Type D,2018-06-15,64,305.58,Neutral
ID_167,Type D,2018-06-16,867,486.29,Negative
ID_168,Type B,2018-06-17,11,130.72,Positive
ID_169,Type B,2018-06-18,831,482.4,Positive
ID_170,Type B,2018-06-19,14,293.31,Positive
ID_171,Type B,2018-06-20,565,321.28,Negative
ID_172,Type C,2018-06-21,890,11.37,Neutral
ID_173,Type B,2018-06-22,911,228.94,Neutral
ID_174,Type D,2018-06-23,269,99.0,Neutral
ID_175,Type B,2018-06-24,510,21.42,Positive
ID_176,Type A,2018-06-25,867,398.35,Negative
ID_177,Type D,2018-06-26,337,276.66,Neutral
ID_178,Type C,2018-06-27,960,34.34,Negative
ID_179,Type C,2018-06-28,819,32.84,Negative
ID_180,Type A,2018-06-29,787,244.62,Neutral
ID_181,Type B,2018-06-30,345,372.68,Negative
ID_182,Type A,2018-07-01,196,204.01,Neutral
ID_183,Type A,2018-07-02,625,369.6,Negative
ID_184,Type B,2018-07-03,30,59.64,Negative
ID_185,Type B,2018-07-04,929,121.26,Neutral
ID_186,Type B,2018-07-05,263,468.46,Negative
ID_187,Type A,2018-07-06,916,391.97,Positive
ID_188,Type C,2018-07-07,751,339.01,Negative
ID_189,Type C,2018-07-08,780,330.65,Neutral
ID_190,Type B,2018-07-09,365,186.0,Positive
ID_191,Type A,2018-07-10,304,11.97,Negative
ID_192,Type B,2018-07-11,538,450.97,Negative
ID_193,Type B,2018-07-12,69,433.36,Positive
ID_194,Type C,2018-07-13,895,343.56,Neutral
ID_195,Type D,2018-07-14,382,70.21,Positive
ID_196,Type C,2018-07-15,5,142.01,Neutral
ID_197,Type A,2018-07-16,159,356.85,Positive
ID_198,Type A,2018-07-17,966,345.09,Neutral
ID_199,Type C,2018-07-18,829,261.06,Negative
ID_200,Type B,2018-07-19,356,194.42,Positive
ID_201,Type C,2018-07-20,888,449.38,Negative
ID_202,Type B,2018-07-21,144,362.14,Positive
ID_203,Type D,2018-07-22,494,58.99,Negative
ID_204,Type A,2018-07-23,685,423.25,Positive
ID_205,Type C,2018-07-24,512,102.78,Positive
ID_206,Type B,2018-07-25,468,41.86,Positive
ID_207,Type D,2018-07-26,196,473.93,Positive
ID_208,Type A,2018-07-27,111,224.39,Neutral
ID_209,Type B,2018-07-28,574,31.77,Neutral
ID_210,Type C,2018-07-29,493,483.42,Neutral
ID_211,Type D,2018-07-30,138,111.35,Negative
ID_212,Type C,2018-07-31,160,427.96,Neutral
ID_213,Type C,2018-08-01,287,40.92,Neutral
ID_214,Type D,2018-08-02,998,404.17,Negative
ID_215,Type B,2018-08-03,752,135.42,Neutral
ID_216,Type D,2018-08-04,63,415.0,Negative
ID_217,Type D,2018-08-05,147,407.65,Negative
ID_218,Type A,2018-08-06,960,311.93,Neutral
ID_219,Type B,2018-08-07,895,142.81,Neutral
ID_220,Type A,2018-08-08,355,162.39,Negative
ID_221,Type D,2018-08-09,787,409.62,Positive
ID_222,Type A,2018-08-10,71,438.22,Negative
ID_223,Type B,2018-08-11,605,499.54,Positive
ID_224,Type D,2018-08-12,253,45.8,Positive
ID_225,Type A,2018-08-13,311,194.93,Negative
ID_226,Type A,2018-08-14,605,111.71,Positive
ID_227,Type A,2018-08-15,189,492.16,Positive
ID_228,Type B,2018-08-16,157,444.68,Positive
ID_229,Type C,2018-08-17,402,300.29,Negative
ID_230,Type C,2018-08-18,384,18.82,Neutral
ID_231,Type B,2018-08-19,596,215.73,Neutral
ID_232,Type C,2018-08-20,917,250.01,Negative
ID_233,Type B,2018-08-21,239,416.78,Positive
ID_234,Type A,2018-08-22,325,255.82,Neutral
ID_235,Type B,2018-08-23,857,103.98,Neutral
ID_236,Type C,2018-08-24,185,120.53,Positive
ID_237,Type D,2018-08-25,65,179.26,Positive
ID_238,Type D,2018-08-26,967,261.74,Negative
ID_239,Type B,2018-08-27,167,12.85,Neutral
ID_240,Type C,2018-08-28,821,175.78,Negative
ID_241,Type C,2018-08-29,619,318.55,Positive
ID_242,Type A,2018-08-30,754,330.27,Positive
ID_243,Type B,2018-08-31,106,237.11,Positive
ID_244,Type C,2018-09-01,750,46.19,Negative
ID_245,Type A,2018-09-02,402,180.6,Neutral
ID_246,Type A,2018-09-03,988,122.82,Neutral
ID_247,Type C,2018-09-04,688,376.67,Negative
ID_248,Type A,2018-09-05,560,315.3,Positive
ID_249,Type C,2018-09-06,870,388.6,Neutral
ID_250,Type A,2018-09-07,764,422.96,Positive
ID_251,Type B,2018-09-08,948,84.61,Positive
ID_252,Type B,2018-09-09,230,16.29,Neutral
ID_253,Type C,2018-09-10,927,150.2,Positive
ID_254,Type A,2018-09-11,592,332.6,Neutral
ID_255,Type D,2018-09-12,270,276.55,Neutral
ID_256,Type B,2018-09-13,241,425.57,Positive
ID_257,Type D,2018-09-14,823,191.86,Neutral
ID_258,Type D,2018-09-15,417,68.51,Neutral
ID_259,Type D,2018-09-16,879,105.81,Neutral
ID_260,Type A,2018-09-17,677,313.17,Neutral
ID_261,Type B,2018-09-18,12,171.66,Positive
ID_262,Type C,2018-09-19,521,437.57,Negative
ID_263,Type B,2018-09-20,368,363.35,Positive
ID_264,Type C,2018-09-21,845,312.62,Positive
ID_265,Type A,2018-09-22,268,298.15,Neutral
ID_266,Type D,2018-09-23,897,323.95,Positive
ID_267,Type D,2018-09-24,947,340.21,Positive
ID_268,Type B,2018-09-25,61,112.51,Negative
ID_269,Type B,2018-09-26,448,365.46,Neutral
ID_270,Type C,2018-09-27,612,245.33,Negative
ID_271,Type A,2018-09-28,253,312.82,Negative
ID_272,Type B,2018-09-29,444,185.89,Neutral
ID_273,Type B,2018-09-30,84,479.24,Neutral
ID_274,Type C,2018-10-01,487,21.9,Negative
ID_275,Type D,2018-10-02,633,212.77,Neutral
ID_276,Type D,2018-10-03,24,250.91,Neutral
ID_277,Type D,2018-10-04,556,243.05,Positive
ID_278,Type B,2018-10-05,555,88.56,Neutral
ID_279,Type A,2018-10-06,880,415.72,Negative
ID_280,Type C,2018-10-07,403,320.13,Neutral
ID_281,Type D,2018-10-08,339,278.74,Negative
ID_282,Type D,2018-10-09,562,303.69,Neutral
ID_283,Type B,2018-10-10,346,393.18,Neutral
ID_284,Type B,2018-10-11,880,360.53,Positive
ID_285,Type D,2018-10-12,760,197.12,Negative
ID_286,Type A,2018-10-13,332,353.14,Neutral
ID_287,Type C,2018-10-14,112,28.39,Positive
ID_288,Type A,2018-10-15,577,105.36,Positive
ID_289,Type C,2018-10-16,529,308.26,Positive
ID_290,Type C,2018-10-17,680,280.56,Neutral
ID_291,Type C,2018-10-18,329,162.29,Positive
ID_292,Type D,2018-10-19,620,79.62,Neutral
ID_293,Type A,2018-10-20,746,118.23,Negative
ID_294,Type B,2018-10-21,159,204.25,Negative
ID_295,Type D,2018-10-22,238,444.29,Neutral
ID_296,Type D,2018-10-23,554,72.51,Neutral
ID_297,Type D,2018-10-24,801,458.97,Positive
ID_298,Type D,2018-10-25,195,145.05,Negative
ID_299,Type A,2018-10-26,234,51.28,Positive
ID_300,Type D,2018-10-27,641,108.81,Positive
ID_301,Type A,2018-10-28,39,59.49,Negative
ID_302,Type D,2018-10-29,872,128.63,Positive
ID_303,Type C,2018-10-30,129,383.28,Negative
ID_304,Type C,2018-10-31,192,20.48,Neutral
ID_305,Type B,2018-11-01,695,177.71,Neutral
ID_306,Type B,2018-11-02,908,96.45,Negative
ID_307,Type B,2018-11-03,454,451.26,Negative
ID_308,Type B,2018-11-04,61,99.21,Neutral
ID_309,Type D,2018-11-05,675,430.74,Negative
ID_310,Type D,2018-11-06,147,443.78,Positive
ID_311,Type C,2018-11-07,150,335.87,Neutral
ID_312,Type B,2018-11-08,128,247.92,Positive
ID_313,Type B,2018-11-09,248,249.3,Neutral
ID_314,Type B,2018-11-10,863,495.24,Positive
ID_315,Type A,2018-11-11,355,291.17,Positive
ID_316,Type B,2018-11-12,844,258.19,Negative
ID_317,Type B,2018-11-13,181,203.6,Negative
ID_318,Type B,2018-11-14,844,218.13,Negative
ID_319,Type A,2018-11-15,580,420.65,Negative
ID_320,Type A,2018-11-16,395,209.82,Negative
ID_321,Type D,2018-11-17,825,350.38,Negative
ID_322,Type C,2018-11-18,777,50.93,Positive
ID_323,Type D,2018-11-19,449,18.96,Negative
ID_324,Type B,2018-11-20,505,112.99,Negative
ID_325,Type A,2018-11-21,633,71.83,Neutral
ID_326,Type B,2018-11-22,400,364.03,Positive
ID_327,Type D,2018-11-23,607,158.05,Neutral
ID_328,Type D,2018-11-24,855,484.53,Positive
ID_329,Type D,2018-11-25,61,81.63,Positive
ID_330,Type B,2018-11-26,717,124.59,Positive
ID_331,Type D,2018-11-27,819,41.94,Negative
ID_332,Type C,2018-11-28,683,464.08,Negative
ID_333,Type D,2018-11-29,559,29.05,Neutral
ID_334,Type B,2018-11-30,286,339.61,Negative
ID_335,Type C,2018-12-01,535,211.42,Positive
ID_336,Type D,2018-12-02,331,186.47,Negative
ID_337,Type C,2018-12-03,287,405.5,Negative
ID_338,Type D,2018-12-04,794,470.03,Positive
ID_339,Type A,2018-12-05,840,259.15,Positive
ID_340,Type D,2018-12-06,861,237.08,Negative
ID_341,Type A,2018-12-07,986,394.38,Positive
ID_342,Type B,2018-12-08,119,62.93,Neutral
ID_343,Type C,2018-12-09,115,221.82,Positive
ID_344,Type B,2018-12-10,473,201.64,Neutral
ID_345,Type B,2018-12-11,307,22.29,Neutral
ID_346,Type A,2018-12-12,620,155.97,Positive
ID_347,Type A,2018-12-13,960,489.06,Negative
ID_348,Type B,2018-12-14,429,414.07,Positive
ID_349,Type D,2018-12-15,356,363.66,Negative
ID_350,Type C,2018-12-16,906,173.2,Neutral
ID_351,Type C,2018-12-17,675,487.53,Negative
ID_352,Type A,2018-12-18,915,365.63,Neutral
ID_353,Type B,2018-12-19,805,31.53,Positive
ID_354,Type C,2018-12-20,715,308.58,Neutral
ID_355,Type A,2018-12-21,903,139.24,Neutral
ID_356,Type A,2018-12-22,689,364.95,Neutral
ID_357,Type C,2018-12-23,977,60.25,Negative
ID_358,Type D,2018-12-24,840,114.26,Negative
ID_359,Type D,2018-12-25,109,221.04,Positive
ID_360,Type B,2018-12-26,453,230.07,Neutral
ID_361,Type D,2018-12-27,340,460.25,Negative
ID_362,Type D,2018-12-28,885,371.33,Negative
ID_363,Type D,2018-12-29,236,220.45,Positive
ID_364,Type B,2018-12-30,329,112.64,Negative
ID_365,Type A,2018-12-31,549,300.19,Neutral
ID_366,Type A,2019-01-01,308,396.58,Negative
ID_367,Type A,2019-01-02,138,57.04,Neutral
ID_368,Type D,2019-01-03,524,206.85,Neutral
ID_369,Type C,2019-01-04,562,447.68,Negative
ID_370,Type B,2019-01-05,719,412.84,Positive
ID_371,Type C,2019-01-06,779,211.74,Negative
ID_372,Type C,2019-01-07,704,311.03,Negative
ID_373,Type A,2019-01-08,802,53.6,Neutral
ID_374,Type C,2019-01-09,289,107.73,Positive
ID_375,Type B,2019-01-10,74,330.89,Positive
ID_376,Type B,2019-01-11,606,64.83,Positive
ID_377,Type C,2019-01-12,984,495.27,Negative
ID_378,Type C,2019-01-13,360,109.96,Neutral
ID_379,Type A,2019-01-14,181,486.93,Negative
ID_380,Type C,2019-01-15,416,441.2,Positive
ID_381,Type C,2019-01-16,832,216.12,Negative
ID_382,Type A,2019-01-17,824,21.37,Negative
ID_383,Type D,2019-01-18,625,266.85,Neutral
ID_384,Type B,2019-01-19,292,313.04,Positive
ID_385,Type A,2019-01-20,577,216.88,Negative
ID_386,Type C,2019-01-21,861,341.17,Positive
ID_387,Type B,2019-01-22,590,70.33,Neutral
ID_388,Type C,2019-01-23,379,268.09,Positive
ID_389,Type A,2019-01-24,934,309.21,Neutral
ID_390,Type B,2019-01-25,35,351.3,Negative
ID_391,Type D,2019-01-26,862,33.28,Negative
ID_392,Type D,2019-01-27,482,192.28,Negative
ID_393,Type D,2019-01-28,713,340.84,Positive
ID_394,Type D,2019-01-29,289,127.23,Positive
ID_395,Type D,2019-01-30,161,90.16,Neutral
ID_396,Type B,2019-01-31,402,176.15,Positive
ID_397,Type C,2019-02-01,698,120.45,Negative
ID_398,Type C,2019-02-02,349,24.89,Positive
ID_399,Type D,2019-02-03,179,433.9,Negative
ID_400,Type C,2019-02-04,800,451.63,Positive
ID_401,Type D,2019-02-05,279,393.61,Negative
ID_402,Type D,2019-02-06,797,169.45,Negative
ID_403,Type A,2019-02-07,428,71.76,Negative
ID_404,Type B,2019-02-08,774,375.37,Neutral
ID_405,Type A,2019-02-09,138,304.99,Neutral
ID_406,Type C,2019-02-10,907,161.15,Negative
ID_407,Type C,2019-02-11,260,236.79,Positive
ID_408,Type B,2019-02-12,67,26.08,Neutral
ID_409,Type A,2019-02-13,700,23.42,Neutral
ID_410,Type A,2019-02-14,759,458.5,Neutral
ID_411,Type C,2019-02-15,191,45.69,Positive
ID_412,Type A,2019-02-16,915,344.65,Neutral
ID_413,Type D,2019-02-17,21,212.18,Negative
ID_414,Type D,2019-02-18,107,109.07,Negative
ID_415,Type B,2019-02-19,71,73.47,Positive
ID_416,Type D,2019-02-20,49,148.07,Positive
ID_417,Type A,2019-02-21,239,194.73,Positive
ID_418,Type B,2019-02-22,213,153.97,Negative
ID_419,Type C,2019-02-23,964,375.53,Neutral
ID_420,Type C,2019-02-24,648,306.69,Neutral
ID_421,Type B,2019-02-25,716,38.22,Positive
ID_422,Type D,2019-02-26,716,57.1,Positive
ID_423,Type C,2019-02-27,709,163.7,Positive
ID_424,Type C,2019-02-28,10,295.9,Negative
ID_425,Type B,2019-03-01,699,25.71,Neutral
ID_426,Type A,2019-03-02,671,433.33,Neutral
ID_427,Type C,2019-03-03,78,281.69,Positive
ID_428,Type B,2019-03-04,459,467.16,Negative
ID_429,Type D,2019-03-05,904,229.9,Neutral
ID_430,Type C,2019-03-06,49,103.47,Positive
ID_431,Type C,2019-03-07,272,146.11,Positive
ID_432,Type A,2019-03-08,352,365.63,Positive
ID_433,Type D,2019-03-09,5,309.41,Positive
ID_434,Type D,2019-03-10,739,267.43,Positive
ID_435,Type A,2019-03-11,454,413.9,Neutral
ID_436,Type D,2019-03-12,653,256.57,Negative
ID_437,Type D,2019-03-13,265,86.68,Negative
ID_438,Type D,2019-03-14,745,464.74,Neutral
ID_439,Type D,2019-03-15,364,303.56,Neutral
ID_440,Type C,2019-03-16,147,108.53,Positive
ID_441,Type D,2019-03-17,511,280.29,Negative
ID_442,Type A,2019-03-18,345,242.51,Negative
ID_443,Type B,2019-03-19,946,396.36,Neutral
ID_444,Type D,2019-03-20,742,433.14,Negative
ID_445,Type A,2019-03-21,662,13.31,Negative
ID_446,Type D,2019-03-22,263,212.09,Positive
ID_447,Type B,2019-03-23,63,479.52,Positive
ID_448,Type B,2019-03-24,755,95.2,Neutral
ID_449,Type A,2019-03-25,2,200.88,Negative
ID_450,Type D,2019-03-26,534,42.47,Positive
ID_451,Type C,2019-03-27,599,219.2,Positive
ID_452,Type B,2019-03-28,403,105.99,Positive
ID_453,Type B,2019-03-29,607,475.16,Negative
ID_454,Type D,2019-03-30,889,214.89,Positive
ID_455,Type C,2019-03-31,51,250.54,Neutral
ID_456,Type C,2019-04-01,37,362.76,Positive
ID_457,Type C,2019-04-02,451,375.03,Negative
ID_458,Type B,2019-04-03,826,203.34,Neutral
ID_459,Type D,2019-04-04,802,193.87,Positive
ID_460,Type A,2019-04-05,450,89.87,Positive
ID_461,Type D,2019-04-06,633,382.22,Negative
ID_462,Type A,2019-04-07,738,243.26,Negative
ID_463,Type B,2019-04-08,298,376.03,Neutral
ID_464,Type A,2019-04-09,899,96.12,Neutral
ID_465,Type D,2019-04-10,777,423.04,Neutral
ID_466,Type A,2019-04-11,395,453.88,Negative
ID_467,Type C,2019-04-12,446,125.6,Positive
ID_468,Type A,2019-04-13,450,403.04,Positive
ID_469,Type B,2019-04-14,142,339.52,Neutral
ID_470,Type A,2019-04-15,531,180.93,Neutral
ID_471,Type D,2019-04-16,603,166.48,Neutral
ID_472,Type C,2019-04-17,240,271.64,Negative
ID_473,Type A,2019-04-18,169,32.84,Negative
ID_474,Type A,2019-04-19,762,78.52,Negative
ID_475,Type C,2019-04-20,735,454.65,Negative
ID_476,Type A,2019-04-21,655,70.19,Negative
ID_477,Type C,2019-04-22,175,316.33,Positive
ID_478,Type B,2019-04-23,453,81.11,Neutral
ID_479,Type D,2019-04-24,507,402.08,Positive
ID_480,Type B,2019-04-25,717,306.52,Neutral
ID_481,Type D,2019-04-26,561,45.87,Negative
ID_482,Type D,2019-04-27,247,270.93,Negative
ID_483,Type C,2019-04-28,339,18.03,Positive
ID_484,Type A,2019-04-29,964,108.68,Positive
ID_485,Type C,2019-04-30,123,347.46,Negative
ID_486,Type B,2019-05-01,691,51.96,Neutral
ID_487,Type D,2019-05-02,466,372.6,Negative
ID_488,Type A,2019-05-03,249,206.28,Negative
ID_489,Type A,2019-05-04,893,304.81,Positive
ID_490,Type C,2019-05-05,177,467.54,Neutral
ID_491,Type C,2019-05-06,49,357.53,Neutral
ID_492,Type C,2019-05-07,979,379.61,Negative
ID_493,Type A,2019-05-08,146,359.45,Neutral
ID_494,Type A,2019-05-09,435,187.34,Negative
ID_495,Type B,2019-05-10,775,189.6,Positive
ID_496,Type D,2019-05-11,964,444.05,Positive
ID_497,Type A,2019-05-12,698,54.01,Positive
ID_498,Type B,2019-05-13,582,373.39,Negative
ID_499,Type B,2019-05-14,163,351.43,Positive
ID_500,Type D,2019-05-15,722,382.57,Neutral
ID_501,Type D,2019-05-16,617,43.54,Negative
ID_502,Type D,2019-05-17,483,251.76,Negative
ID_503,Type B,2019-05-18,51,21.63,Negative
ID_504,Type B,2019-05-19,382,155.33,Positive
ID_505,Type B,2019-05-20,222,292.92,Neutral
ID_506,Type C,2019-05-21,903,82.26,Negative
ID_507,Type D,2019-05-22,448,99.47,Negative
ID_508,Type C,2019-05-23,908,316.93,Negative
ID_509,Type B,2019-05-24,847,189.79,Negative
ID_510,Type A,2019-05-25,309,277.68,Neutral
ID_511,Type A,2019-05-26,667,385.77,Neutral
ID_512,Type B,2019-05-27,982,92.3,Positive
ID_513,Type C,2019-05-28,612,192.31,Positive
ID_514,Type B,2019-05-29,261,443.64,Positive
ID_515,Type C,2019-05-30,978,25.3,Positive
ID_516,Type A,2019-05-31,601,362.58,Positive
ID_517,Type D,2019-06-01,455,154.57,Neutral
ID_518,Type D,2019-06-02,889,444.3,Neutral
ID_519,Type B,2019-06-03,645,86.48,Positive
ID_520,Type A,2019-06-04,128,444.25,Positive
ID_521,Type D,2019-06-05,251,121.7,Positive
ID_522,Type A,2019-06-06,674,381.95,Positive
ID_523,Type D,2019-06-07,977,272.03,Negative
ID_524,Type B,2019-06-08,765,473.34,Negative
ID_525,Type D,2019-06-09,329,352.85,Positive
ID_526,Type B,2019-06-10,256,367.89,Negative
ID_527,Type C,2019-06-11,862,393.98,Positive
ID_528,Type A,2019-06-12,190,284.92,Positive
ID_529,Type D,2019-06-13,66,414.1,Neutral
ID_530,Type C,2019-06-14,42,116.06,Negative
ID_531,Type D,2019-06-15,91,325.63,Positive
ID_532,Type A,2019-06-16,55,154.75,Neutral
ID_533,Type D,2019-06-17,288,11.74,Negative
ID_534,Type D,2019-06-18,620,167.91,Negative
ID_535,Type D,2019-06-19,484,427.1,Neutral
ID_536,Type A,2019-06-20,659,268.52,Negative
ID_537,Type B,2019-06-21,874,164.93,Neutral
ID_538,Type D,2019-06-22,689,131.74,Neutral
ID_539,Type A,2019-06-23,969,369.02,Positive
ID_540,Type C,2019-06-24,142,302.29,Positive
ID_541,Type D,2019-06-25,48,364.65,Positive
ID_542,Type D,2019-06-26,581,174.04,Positive
ID_543,Type A,2019-06-27,991,494.53,Negative
ID_544,Type C,2019-06-28,824,474.59,Neutral
ID_545,Type C,2019-06-29,864,449.95,Neutral
ID_546,Type A,2019-06-30,377,89.88,Neutral
ID_547,Type B,2019-07-01,478,141.81,Negative
ID_548,Type B,2019-07-02,396,222.54,Neutral
ID_549,Type C,2019-07-03,431,71.27,Positive
ID_550,Type C,2019-07-04,228,288.32,Neutral
ID_551,Type D,2019-07-05,375,423.58,Positive
ID_552,Type D,2019-07-06,724,132.7,Negative
ID_553,Type A,2019-07-07,804,119.05,Neutral
ID_554,Type B,2019-07-08,842,448.58,Positive
ID_555,Type B,2019-07-09,270,47.42,Negative
ID_556,Type A,2019-07-10,985,22.45,Positive
ID_557,Type D,2019-07-11,688,66.57,Positive
ID_558,Type C,2019-07-12,414,183.87,Negative
ID_559,Type C,2019-07-13,811,122.79,Neutral
ID_560,Type D,2019-07-14,343,82.53,Negative
ID_561,Type B,2019-07-15,702,477.99,Negative
ID_562,Type C,2019-07-16,759,276.76,Neutral
ID_563,Type D,2019-07-17,221,34.26,Positive
ID_564,Type C,2019-07-18,639,70.43,Neutral
ID_565,Type C,2019-07-19,669,171.82,Neutral
ID_566,Type C,2019-07-20,849,415.67,Neutral
ID_567,Type A,2019-07-21,344,133.87,Negative
ID_568,Type D,2019-07-22,663,264.81,Negative
ID_569,Type B,2019-07-23,380,484.02,Neutral
ID_570,Type D,2019-07-24,350,497.68,Positive
ID_571,Type B,2019-07-25,328,477.81,Positive
ID_572,Type A,2019-07-26,167,259.43,Neutral
ID_573,Type A,2019-07-27,747,112.39,Negative
ID_574,Type C,2019-07-28,396,97.85,Neutral
ID_575,Type B,2019-07-29,557,456.3,Positive
ID_576,Type C,2019-07-30,195,447.84,Positive
ID_577,Type A,2019-07-31,706,340.18,Neutral
ID_578,Type C,2019-08-01,123,188.14,Neutral
ID_579,Type D,2019-08-02,88,374.59,Positive
ID_580,Type C,2019-08-03,741,17.89,Positive
ID_581,Type A,2019-08-04,73,229.68,Neutral
ID_582,Type D,2019-08-05,449,295.42,Negative
ID_583,Type B,2019-08-06,89,23.42,Neutral
ID_584,Type A,2019-08-07,226,211.54,Negative
ID_585,Type C,2019-08-08,106,184.05,Neutral
ID_586,Type C,2019-08-09,461,62.48,Positive
ID_587,Type B,2019-08-10,789,103.72,Positive
ID_588,Type B,2019-08-11,222,221.46,Negative
ID_589,Type A,2019-08-12,805,164.78,Positive
ID_590,Type A,2019-08-13,610,357.04,Neutral
ID_591,Type B,2019-08-14,831,111.51,Negative
ID_592,Type D,2019-08-15,228,402.42,Neutral
ID_593,Type A,2019-08-16,17,495.53,Positive
ID_594,Type B,2019-08-17,627,481.93,Neutral
ID_595,Type C,2019-08-18,873,470.34,Positive
ID_596,Type B,2019-08-19,725,71.2,Negative
ID_597,Type C,2019-08-20,730,496.45,Positive
ID_598,Type C,2019-08-21,620,301.78,Neutral
ID_599,Type A,2019-08-22,849,227.21,Negative
ID_600,Type D,2019-08-23,102,167.68,Neutral
ID_601,Type C,2019-08-24,783,219.16,Positive
ID_602,Type D,2019-08-25,349,358.21,Positive
ID_603,Type D,2019-08-26,175,228.51,Positive
ID_604,Type B,2019-08-27,990,307.92,Neutral
ID_605,Type D,2019-08-28,799,235.97,Neutral
ID_606,Type A,2019-08-29,274,461.87,Negative
ID_607,Type A,2019-08-30,155,224.68,Negative
ID_608,Type D,2019-08-31,995,21.85,Neutral
ID_609,Type B,2019-09-01,548,492.05,Negative
ID_610,Type D,2019-09-02,619,154.72,Positive
ID_611,Type D,2019-09-03,343,301.57,Positive
ID_612,Type B,2019-09-04,596,13.78,Positive
ID_613,Type D,2019-09-05,725,60.24,Negative
ID_614,Type B,2019-09-06,385,180.33,Negative
ID_615,Type C,2019-09-07,571,261.69,Neutral
ID_616,Type B,2019-09-08,679,334.08,Negative
ID_617,Type C,2019-09-09,299,108.31,Positive
ID_618,Type D,2019-09-10,763,193.53,Negative
ID_619,Type B,2019-09-11,107,415.55,Positive
ID_620,Type D,2019-09-12,832,244.1,Negative
ID_621,Type B,2019-09-13,154,344.05,Neutral
ID_622,Type B,2019-09-14,409,125.46,Negative
ID_623,Type C,2019-09-15,514,193.8,Negative
ID_624,Type A,2019-09-16,879,382.53,Neutral
ID_625,Type A,2019-09-17,110,200.36,Neutral
ID_626,Type C,2019-09-18,494,491.93,Positive
ID_627,Type A,2019-09-19,342,124.47,Negative
ID_628,Type A,2019-09-20,106,219.58,Neutral
ID_629,Type A,2019-09-21,239,444.09,Negative
ID_630,Type D,2019-09-22,667,405.61,Negative
ID_631,Type C,2019-09-23,830,132.06,Positive
ID_632,Type A,2019-09-24,204,121.74,Negative
ID_633,Type B,2019-09-25,687,355.33,Negative
ID_634,Type B,2019-09-26,459,276.53,Negative
ID_635,Type C,2019-09-27,788,466.56,Neutral
ID_636,Type D,2019-09-28,513,35.78,Positive
ID_637,Type B,2019-09-29,512,480.75,Positive
ID_638,Type B,2019-09-30,560,225.06,Negative
ID_639,Type B,2019-10-01,188,481.73,Positive
ID_640,Type C,2019-10-02,452,480.88,Negative
ID_641,Type D,2019-10-03,339,107.55,Positive
ID_642,Type B,2019-10-04,83,122.13,Positive
ID_643,Type D,2019-10-05,989,385.73,Positive
ID_644,Type D,2019-10-06,950,487.03,Negative
ID_645,Type A,2019-10-07,624,260.2,Negative
ID_646,Type C,2019-10-08,642,461.58,Positive
ID_647,Type B,2019-10-09,386,341.7,Positive
ID_648,Type C,2019-10-10,245,139.46,Negative
ID_649,Type C,2019-10-11,559,107.05,Negative
ID_650,Type A,2019-10-12,927,428.51,Neutral
ID_651,Type B,2019-10-13,266,369.44,Neutral
ID_652,Type A,2019-10-14,781,105.7,Positive
ID_653,Type D,2019-10-15,75,272.27,Positive
ID_654,Type B,2019-10-16,836,294.21,Neutral
ID_655,Type C,2019-10-17,114,382.67,Negative
ID_656,Type D,2019-10-18,247,102.15,Positive
ID_657,Type A,2019-10-19,99,180.9,Neutral
ID_658,Type D,2019-10-20,31,133.58,Positive
ID_659,Type D,2019-10-21,79,393.05,Positive
ID_660,Type B,2019-10-22,283,17.55,Positive
ID_661,Type A,2019-10-23,86,38.54,Positive
ID_662,Type C,2019-10-24,423,375.13,Positive
ID_663,Type A,2019-10-25,735,450.26,Positive
ID_664,Type C,2019-10-26,212,77.31,Negative
ID_665,Type B,2019-10-27,635,196.12,Positive
ID_666,Type C,2019-10-28,479,283.5,Positive
ID_667,Type C,2019-10-29,309,466.46,Neutral
ID_668,Type C,2019-10-30,563,140.04,Negative
ID_669,Type A,2019-10-31,507,218.51,Neutral
ID_670,Type C,2019-11-01,752,263.73,Neutral
ID_671,Type A,2019-11-02,766,230.8,Positive
ID_672,Type D,2019-11-03,707,361.76,Positive
ID_673,Type C,2019-11-04,74,334.65,Positive
ID_674,Type B,2019-11-05,836,63.56,Neutral
ID_675,Type D,2019-11-06,143,462.03,Negative
ID_676,Type C,2019-11-07,346,340.11,Positive
ID_677,Type C,2019-11-08,492,44.01,Neutral
ID_678,Type B,2019-11-09,980,75.46,Neutral
ID_679,Type D,2019-11-10,70,102.23,Positive
ID_680,Type A,2019-11-11,655,343.33,Negative
ID_681,Type A,2019-11-12,313,378.97,Neutral
ID_682,Type B,2019-11-13,897,52.54,Positive
ID_683,Type B,2019-11-14,623,120.9,Neutral
ID_684,Type A,2019-11-15,450,262.37,Neutral
ID_685,Type B,2019-11-16,835,82.15,Neutral
ID_686,Type B,2019-11-17,690,269.79,Positive
ID_687,Type D,2019-11-18,950,113.29,Negative
ID_688,Type B,2019-11-19,239,222.9,Positive
ID_689,Type D,2019-11-20,326,239.37,Positive
ID_690,Type A,2019-11-21,729,337.3,Negative
ID_691,Type B,2019-11-22,27,412.92,Negative
ID_692,Type B,2019-11-23,530,218.08,Positive
ID_693,Type A,2019-11-24,477,328.95,Positive
ID_694,Type C,2019-11-25,124,337.86,Positive
ID_695,Type D,2019-11-26,64,75.48,Neutral
ID_696,Type B,2019-11-27,78,140.52,Neutral
ID_697,Type A,2019-11-28,164,284.15,Neutral
ID_698,Type A,2019-11-29,375,286.74,Negative
ID_699,Type A,2019-11-30,36,413.4,Positive
ID_700,Type D,2019-12-01,248,327.51,Neutral
ID_701,Type B,2019-12-02,586,184.0,Positive
ID_702,Type B,2019-12-03,484,179.31,Positive
ID_703,Type C,2019-12-04,556,132.3,Neutral
ID_704,Type C,2019-12-05,879,219.38,Positive
ID_705,Type A,2019-12-06,864,136.67,Negative
ID_706,Type A,2019-12-07,703,461.38,Neutral
ID_707,Type B,2019-12-08,714,41.5,Neutral
ID_708,Type A,2019-12-09,429,193.28,Positive
ID_709,Type A,2019-12-10,959,85.76,Neutral
ID_710,Type D,2019-12-11,508,146.75,Negative
ID_711,Type A,2019-12-12,131,446.66,Neutral
ID_712,Type B,2019-12-13,792,238.29,Neutral
ID_713,Type A,2019-12-14,319,373.63,Positive
ID_714,Type C,2019-12-15,838,494.96,Negative
ID_715,Type A,2019-12-16,717,392.16,Positive
ID_716,Type A,2019-12-17,150,278.85,Neutral
ID_717,Type B,2019-12-18,155,398.87,Negative
ID_718,Type B,2019-12-19,62,222.69,Neutral
ID_719,Type C,2019-12-20,83,449.83,Negative
ID_720,Type D,2019-12-21,777,465.08,Neutral
ID_721,Type D,2019-12-22,179,123.05,Negative
ID_722,Type A,2019-12-23,136,199.55,Positive
ID_723,Type D,2019-12-24,230,450.81,Negative
ID_724,Type C,2019-12-25,228,116.85,Positive
ID_725,Type B,2019-12-26,365,412.76,Neutral
ID_726,Type D,2019-12-27,377,186.92,Neutral
ID_727,Type B,2019-12-28,547,414.74,Positive
ID_728,Type C,2019-12-29,53,227.03,Positive
ID_729,Type B,2019-12-30,557,387.65,Neutral
ID_730,Type C,2019-12-31,247,351.2,Positive
ID_731,Type B,2020-01-01,363,83.74,Negative
ID_732,Type A,2020-01-02,276,346.06,Negative
ID_733,Type A,2020-01-03,278,427.69,Positive
ID_734,Type D,2020-01-04,885,430.16,Negative
ID_735,Type A,2020-01-05,68,462.3,Positive
ID_736,Type B,2020-01-06,551,99.02,Neutral
ID_737,Type C,2020-01-07,155,66.69,Neutral
ID_738,Type B,2020-01-08,963,50.12,Positive
ID_739,Type D,2020-01-09,905,107.18,Positive
ID_740,Type A,2020-01-10,524,341.17,Neutral
ID_741,Type C,2020-01-11,877,265.06,Neutral
ID_742,Type C,2020-01-12,633,218.94,Negative
ID_743,Type B,2020-01-13,983,494.61,Negative
ID_744,Type A,2020-01-14,663,336.0,Neutral
ID_745,Type D,2020-01-15,802,499.98,Positive
ID_746,Type A,2020-01-16,779,38.97,Negative
ID_747,Type A,2020-01-17,794,387.68,Neutral
ID_748,Type C,2020-01-18,805,375.71,Neutral
ID_749,Type B,2020-01-19,73,64.78,Negative
ID_750,Type B,2020-01-20,111,119.79,Positive
ID_751,Type A,2020-01-21,343,205.14,Negative
ID_752,Type D,2020-01-22,110,307.3,Negative
ID_753,Type B,2020-01-23,125,109.15,Neutral
ID_754,Type A,2020-01-24,296,134.18,Negative
ID_755,Type D,2020-01-25,352,417.26,Neutral
ID_756,Type D,2020-01-26,410,155.82,Negative
ID_757,Type D,2020-01-27,157,102.75,Negative
ID_758,Type C,2020-01-28,575,375.7,Negative
ID_759,Type B,2020-01-29,946,435.03,Positive
ID_760,Type D,2020-01-30,163,284.09,Positive
ID_761,Type B,2020-01-31,409,490.12,Neutral
ID_762,Type A,2020-02-01,775,303.59,Negative
ID_763,Type A,2020-02-02,792,78.65,Positive
ID_764,Type D,2020-02-03,992,347.66,Negative
ID_765,Type D,2020-02-04,351,323.13,Neutral
ID_766,Type D,2020-02-05,782,497.2,Negative
ID_767,Type A,2020-02-06,386,333.35,Neutral
ID_768,Type C,2020-02-07,737,134.0,Positive
ID_769,Type B,2020-02-08,948,188.06,Negative
ID_770,Type B,2020-02-09,321,18.72,Positive
ID_771,Type C,2020-02-10,316,69.69,Neutral
ID_772,Type B,2020-02-11,238,332.32,Neutral
ID_773,Type A,2020-02-12,675,304.71,Negative
ID_774,Type B,2020-02-13,44,469.64,Negative
ID_775,Type B,2020-02-14,200,218.74,Positive
ID_776,Type A,2020-02-15,917,314.45,Neutral
ID_777,Type A,2020-02-16,454,455.58,Negative
ID_778,Type B,2020-02-17,999,162.33,Positive
ID_779,Type D,2020-02-18,597,247.9,Positive
ID_780,Type C,2020-02-19,183,376.68,Neutral
ID_781,Type D,2020-02-20,472,422.45,Positive
ID_782,Type A,2020-02-21,238,251.06,Neutral
ID_783,Type C,2020-02-22,827,62.87,Positive
ID_784,Type D,2020-02-23,519,175.28,Neutral
ID_785,Type C,2020-02-24,605,195.19,Negative
ID_786,Type D,2020-02-25,11,346.08,Negative
ID_787,Type B,2020-02-26,772,347.89,Positive
ID_788,Type C,2020-02-27,310,425.11,Neutral
ID_789,Type B,2020-02-28,271,443.11,Neutral
ID_790,Type B,2020-02-29,887,491.06,Neutral
ID_791,Type B,2020-03-01,877,109.71,Negative
ID_792,Type C,2020-03-02,201,315.08,Positive
ID_793,Type A,2020-03-03,418,462.0,Neutral
ID_794,Type A,2020-03-04,936,492.09,Neutral
ID_795,Type B,2020-03-05,111,404.21,Negative
ID_796,Type D,2020-03-06,926,126.54,Neutral
ID_797,Type B,2020-03-07,806,367.9,Positive
ID_798,Type B,2020-03-08,501,218.82,Positive
ID_799,Type B,2020-03-09,8,493.07,Positive
ID_800,Type B,2020-03-10,837,115.96,Positive
ID_801,Type D,2020-03-11,703,368.0,Negative
ID_802,Type A,2020-03-12,451,229.62,Positive
ID_803,Type B,2020-03-13,387,32.9,Neutral
ID_804,Type A,2020-03-14,706,345.5,Positive
ID_805,Type C,2020-03-15,129,48.49,Neutral
ID_806,Type D,2020-03-16,151,261.61,Neutral
ID_807,Type A,2020-03-17,935,395.05,Negative
ID_808,Type B,2020-03-18,528,203.04,Positive
ID_809,Type C,2020-03-19,391,371.02,Neutral
ID_810,Type C,2020-03-20,541,27.17,Neutral
ID_811,Type A,2020-03-21,506,273.31,Neutral
ID_812,Type C,2020-03-22,696,236.16,Negative
ID_813,Type B,2020-03-23,124,424.41,Neutral
ID_814,Type D,2020-03-24,505,28.48,Neutral
ID_815,Type B,2020-03-25,181,37.75,Positive
ID_816,Type D,2020-03-26,409,125.84,Positive
ID_817,Type A,2020-03-27,907,401.97,Neutral
ID_818,Type A,2020-03-28,554,431.03,Neutral
ID_819,Type B,2020-03-29,591,43.39,Positive
ID_820,Type A,2020-03-30,177,301.79,Negative
ID_821,Type B,2020-03-31,717,35.7,Negative
ID_822,Type C,2020-04-01,793,223.32,Negative
ID_823,Type D,2020-04-02,733,358.09,Negative
ID_824,Type D,2020-04-03,964,268.97,Negative
ID_825,Type A,2020-04-04,900,109.67,Positive
ID_826,Type A,2020-04-05,576,184.74,Negative
ID_827,Type A,2020-04-06,16,225.57,Positive
ID_828,Type C,2020-04-07,251,99.89,Positive
ID_829,Type B,2020-04-08,842,241.58,Negative
ID_830,Type C,2020-04-09,762,248.39,Negative
ID_831,Type D,2020-04-10,282,129.78,Positive
ID_832,Type B,2020-04-11,708,341.08,Negative
ID_833,Type B,2020-04-12,625,422.42,Negative
ID_834,Type C,2020-04-13,783,225.03,Positive
ID_835,Type C,2020-04-14,180,256.57,Neutral
ID_836,Type C,2020-04-15,293,41.16,Positive
ID_837,Type B,2020-04-16,787,96.3,Neutral
ID_838,Type B,2020-04-17,914,411.11,Positive
ID_839,Type A,2020-04-18,211,405.83,Negative
ID_840,Type A,2020-04-19,474,201.5,Negative
ID_841,Type B,2020-04-20,787,330.85,Positive
ID_842,Type C,2020-04-21,577,85.98,Negative
ID_843,Type D,2020-04-22,197,456.62,Negative
ID_844,Type D,2020-04-23,363,462.31,Neutral
ID_845,Type C,2020-04-24,405,481.33,Negative
ID_846,Type D,2020-04-25,746,265.97,Neutral
ID_847,Type D,2020-04-26,785,272.23,Neutral
ID_848,Type A,2020-04-27,642,197.59,Positive
ID_849,Type A,2020-04-28,906,189.77,Positive
ID_850,Type D,2020-04-29,38,172.89,Neutral
ID_851,Type A,2020-04-30,294,240.74,Neutral
ID_852,Type A,2020-05-01,8,339.34,Negative
ID_853,Type C,2020-05-02,677,319.02,Positive
ID_854,Type A,2020-05-03,646,243.25,Neutral
ID_855,Type A,2020-05-04,655,89.07,Negative
ID_856,Type D,2020-05-05,734,491.12,Neutral
ID_857,Type B,2020-05-06,856,390.85,Positive
ID_858,Type A,2020-05-07,920,270.48,Negative
ID_859,Type A,2020-05-08,91,153.5,Neutral
ID_860,Type A,2020-05-09,401,440.19,Neutral
ID_861,Type C,2020-05-10,873,79.53,Positive
ID_862,Type A,2020-05-11,495,311.02,Negative
ID_863,Type A,2020-05-12,649,116.77,Neutral
ID_864,Type B,2020-05-13,691,207.51,Positive
ID_865,Type B,2020-05-14,922,266.28,Negative
ID_866,Type A,2020-05-15,834,163.22,Negative
ID_867,Type C,2020-05-16,907,147.35,Positive
ID_868,Type D,2020-05-17,235,20.96,Neutral
ID_869,Type B,2020-05-18,818,474.53,Neutral
ID_870,Type A,2020-05-19,184,197.49,Neutral
ID_871,Type A,2020-05-20,402,319.92,Positive
ID_872,Type C,2020-05-21,897,331.26,Negative
ID_873,Type B,2020-05-22,602,129.89,Negative
ID_874,Type C,2020-05-23,779,157.81,Negative
ID_875,Type B,2020-05-24,344,244.95,Negative
ID_876,Type B,2020-05-25,929,325.49,Neutral
ID_877,Type D,2020-05-26,150,301.13,Neutral
ID_878,Type D,2020-05-27,446,28.25,Positive
ID_879,Type A,2020-05-28,816,383.17,Negative
ID_880,Type B,2020-05-29,79,18.56,Negative
ID_881,Type D,2020-05-30,108,273.73,Negative
ID_882,Type D,2020-05-31,525,311.59,Neutral
ID_883,Type C,2020-06-01,160,237.09,Negative
ID_884,Type A,2020-06-02,380,224.79,Negative
ID_885,Type C,2020-06-03,670,335.74,Negative
ID_886,Type D,2020-06-04,234,137.63,Negative
ID_887,Type B,2020-06-05,568,69.64,Positive
ID_888,Type A,2020-06-06,929,479.32,Neutral
ID_889,Type C,2020-06-07,845,415.88,Neutral
ID_890,Type B,2020-06-08,265,397.17,Negative
ID_891,Type C,2020-06-09,500,237.0,Positive
ID_892,Type A,2020-06-10,448,29.34,Negative
ID_893,Type A,2020-06-11,146,252.97,Neutral
ID_894,Type C,2020-06-12,994,447.23,Neutral
ID_895,Type B,2020-06-13,201,215.59,Positive
ID_896,Type B,2020-06-14,98,137.39,Negative
ID_897,Type A,2020-06-15,872,138.73,Positive
ID_898,Type C,2020-06-16,766,226.3,Neutral
ID_899,Type B,2020-06-17,846,208.73,Neutral
ID_900,Type C,2020-06-18,652,229.79,Positive
ID_901,Type C,2020-06-19,359,166.71,Positive
ID_902,Type C,2020-06-20,285,257.55,Negative
ID_903,Type C,2020-06-21,94,183.33,Negative
ID_904,Type B,2020-06-22,809,413.41,Neutral
ID_905,Type C,2020-06-23,431,146.54,Neutral
ID_906,Type A,2020-06-24,115,360.04,Neutral
ID_907,Type B,2020-06-25,41,21.76,Negative
ID_908,Type A,2020-06-26,965,396.97,Neutral
ID_909,Type A,2020-06-27,59,408.95,Positive
ID_910,Type C,2020-06-28,95,429.35,Positive
ID_911,Type C,2020-06-29,952,342.3,Negative
ID_912,Type B,2020-06-30,694,374.9,Negative
ID_913,Type B,2020-07-01,214,138.14,Negative
ID_914,Type C,2020-07-02,61,457.93,Neutral
ID_915,Type C,2020-07-03,335,187.15,Negative
ID_916,Type C,2020-07-04,560,397.01,Negative
ID_917,Type D,2020-07-05,437,420.72,Positive
ID_918,Type C,2020-07-06,469,240.24,Negative
ID_919,Type B,2020-07-07,315,123.66,Negative
ID_920,Type D,2020-07-08,144,388.9,Positive
ID_921,Type B,2020-07-09,453,129.9,Positive
ID_922,Type D,2020-07-10,791,126.34,Negative
ID_923,Type D,2020-07-11,130,285.38,Positive
ID_924,Type D,2020-07-12,64,433.7,Negative
ID_925,Type D,2020-07-13,546,343.65,Neutral
ID_926,Type D,2020-07-14,809,319.13,Neutral
ID_927,Type D,2020-07-15,147,153.93,Neutral
ID_928,Type A,2020-07-16,791,393.64,Neutral
ID_929,Type B,2020-07-17,831,20.73,Neutral
ID_930,Type D,2020-07-18,929,76.1,Positive
ID_931,Type D,2020-07-19,482,478.08,Positive
ID_932,Type A,2020-07-20,831,324.47,Neutral
ID_933,Type B,2020-07-21,172,16.58,Neutral
ID_934,Type C,2020-07-22,70,69.01,Positive
ID_935,Type C,2020-07-23,449,371.21,Negative
ID_936,Type A,2020-07-24,238,198.33,Neutral
ID_937,Type D,2020-07-25,514,492.02,Negative
ID_938,Type D,2020-07-26,200,247.55,Positive
ID_939,Type C,2020-07-27,228,126.7,Neutral
ID_940,Type B,2020-07-28,197,436.88,Neutral
ID_941,Type D,2020-07-29,156,184.21,Positive
ID_942,Type B,2020-07-30,41,44.5,Positive
ID_943,Type B,2020-07-31,834,182.36,Negative
ID_944,Type D,2020-08-01,884,475.46,Neutral
ID_945,Type C,2020-08-02,629,101.32,Negative
ID_946,Type A,2020-08-03,973,327.04,Negative
ID_947,Type A,2020-08-04,42,237.13,Negative
ID_948,Type D,2020-08-05,740,329.43,Positive
ID_949,Type C,2020-08-06,660,89.01,Neutral
ID_950,Type C,2020-08-07,875,27.16,Positive
ID_951,Type B,2020-08-08,337,347.42,Neutral
ID_952,Type D,2020-08-09,823,498.87,Positive
ID_953,Type B,2020-08-10,417,347.66,Neutral
ID_954,Type C,2020-08-11,79,34.01,Negative
ID_955,Type D,2020-08-12,314,112.13,Negative
ID_956,Type D,2020-08-13,671,154.71,Negative
ID_957,Type B,2020-08-14,703,367.23,Neutral
ID_958,Type D,2020-08-15,477,496.28,Neutral
ID_959,Type B,2020-08-16,345,323.73,Positive
ID_960,Type D,2020-08-17,86,424.55,Neutral
ID_961,Type B,2020-08-18,653,190.14,Neutral
ID_962,Type B,2020-08-19,118,127.76,Negative
ID_963,Type A,2020-08-20,504,152.72,Neutral
ID_964,Type C,2020-08-21,553,80.4,Neutral
ID_965,Type C,2020-08-22,56,152.19,Neutral
ID_966,Type B,2020-08-23,408,210.13,Negative
ID_967,Type B,2020-08-24,859,267.04,Negative
ID_968,Type A,2020-08-25,591,462.91,Positive
ID_969,Type C,2020-08-26,663,400.76,Negative
ID_970,Type D,2020-08-27,802,131.53,Neutral
ID_971,Type A,2020-08-28,683,140.0,Positive
ID_972,Type B,2020-08-29,860,433.05,Negative
ID_973,Type D,2020-08-30,63,385.58,Negative
ID_974,Type C,2020-08-31,789,136.89,Negative
ID_975,Type A,2020-09-01,634,318.37,Positive
ID_976,Type A,2020-09-02,166,209.18,Neutral
ID_977,Type A,2020-09-03,878,189.18,Negative
ID_978,Type C,2020-09-04,211,471.05,Neutral
ID_979,Type B,2020-09-05,372,326.22,Negative
ID_980,Type C,2020-09-06,517,385.22,Neutral
ID_981,Type A,2020-09-07,578,190.46,Negative
ID_982,Type A,2020-09-08,230,55.16,Positive
ID_983,Type A,2020-09-09,703,250.86,Positive
ID_984,Type B,2020-09-10,800,437.02,Negative
ID_985,Type C,2020-09-11,511,430.59,Negative
ID_986,Type A,2020-09-12,96,43.02,Neutral
ID_987,Type D,2020-09-13,601,48.46,Positive
ID_988,Type B,2020-09-14,584,76.05,Neutral
ID_989,Type B,2020-09-15,388,357.05,Positive
ID_990,Type A,2020-09-16,103,233.4,Negative
ID_991,Type B,2020-09-17,872,286.81,Positive
ID_992,Type B,2020-09-18,643,77.07,Positive
ID_993,Type A,2020-09-19,274,109.73,Neutral
ID_994,Type C,2020-09-20,375,30.48,Neutral
ID_995,Type B,2020-09-21,811,363.06,Neutral
ID_996,Type C,2020-09-22,616,468.52,Negative
ID_997,Type D,2020-09-23,425,312.3,Negative
ID_998,Type B,2020-09-24,571,359.8,Negative
ID_999,Type D,2020-09-25,710,468.49,Negative
ID_1000,Type C,2020-09-26,720,119.91,Neutral
